{
  "suite_name": "Goldfish PoC Retrieval Benchmark",
  "generated_at_utc": "2026-02-18T22:05:17.081825600+00:00",
  "backend": "lancedb",
  "command": "target\\debug\\examples\\benchmark_poc.exe --name poc_publish --vector-backend lancedb",
  "config": {
    "runs": 3,
    "warmup_queries": 20,
    "top_k": 10,
    "ndcg_k": 10,
    "vector_backend_requested": "lancedb"
  },
  "dataset": {
    "topics": 8,
    "memories_total": 2400,
    "queries_total": 240,
    "memories_per_topic": 300,
    "queries_per_topic": 30,
    "relevant_per_query": 25
  },
  "ingestion_time_ms": 5490602.8585,
  "runs": [
    {
      "run_index": 1,
      "metrics": {
        "evaluated_queries": 240,
        "recall_at_1": 0.03416664,
        "recall_at_3": 0.09333353,
        "recall_at_5": 0.14083365,
        "mrr": 0.87847203,
        "ndcg_at_k": 0.6020432,
        "avg_latency_ms": 512.3005220833332,
        "p95_latency_ms": 525.9405
      }
    },
    {
      "run_index": 2,
      "metrics": {
        "evaluated_queries": 240,
        "recall_at_1": 0.03416664,
        "recall_at_3": 0.09333353,
        "recall_at_5": 0.14083365,
        "mrr": 0.87847203,
        "ndcg_at_k": 0.6027562,
        "avg_latency_ms": 511.35930125,
        "p95_latency_ms": 525.9557
      }
    },
    {
      "run_index": 3,
      "metrics": {
        "evaluated_queries": 240,
        "recall_at_1": 0.03416664,
        "recall_at_3": 0.09333353,
        "recall_at_5": 0.14083365,
        "mrr": 0.87847203,
        "ndcg_at_k": 0.6028398,
        "avg_latency_ms": 516.3746287500002,
        "p95_latency_ms": 547.7501
      }
    }
  ],
  "aggregate": {
    "evaluated_queries": 240,
    "recall_at_1": 0.03416664,
    "recall_at_3": 0.09333352,
    "recall_at_5": 0.14083365,
    "mrr": 0.87847203,
    "ndcg_at_k": 0.6025464,
    "avg_latency_ms": 513.344817361111,
    "p95_latency_ms": 533.2154333333334
  }
}